POINTS,COORDINATE,DISTANCE,ANGLE
1,"(150, 150)",0.0,0
2,"(535.9441260941365, 346.9859153717011)",433.31,149
3,"(678.2635963813912, 337.13556160556175)",142.66,144
4,"(900, 150)",290.15,0
